adres,aanvraag_publ,besluit_publ,besluit,dagen
mr. p.n. arntzeniusweg 108-1 1098gt amsterdam,2026-01-09,2026-01-12,verleend,3
omval 123 1096aa amsterdam,2026-01-09,2026-01-20,verleend,11
middenweg 30-1 1097bn amsterdam,2026-01-09,2026-01-28,verleend,19
bogortuin 25 1019pe amsterdam,2026-01-09,2026-01-12,verleend,3
eerste oosterparkstraat 133a 1091gz amsterdam,2026-01-09,2026-01-19,verleend,10
zacharias jansestraat 1-3 1097ch amsterdam,2026-01-09,2026-01-26,verleend,17
carolina macgillavrylaan 498 1098xb amsterdam,2026-01-09,2026-01-27,verleend,18
zeeburgerkade 320 1019hn amsterdam,2026-01-09,2026-01-27,verleend,18
knsm-laan 641 1019lh amsterdam,2026-01-09,2026-01-19,verleend,10
zeeburgerkade 456 1019hp amsterdam,2026-01-12,2026-01-29,verleend,17
cas oorthuyskade 314 1087dp amsterdam,2026-01-12,2026-01-27,verleend,15
geschutswerf 79 1018aw amsterdam,2026-01-12,2026-01-12,verleend,0
rademakerstraat 638 1096gs amsterdam,2026-01-14,2026-03-06,verleend,51
oostelijke handelskade 1197 1019dn amsterdam,2026-01-14,2026-01-29,verleend,15
panamalaan 20 1019az amsterdam,2026-01-14,2026-01-29,verleend,15
madurastraat 54-3 1094gp amsterdam,2026-01-14,2026-01-29,verleend,15
bella vistastraat 268 1096gm amsterdam,2026-01-14,2026-01-27,verleend,13
pieter oosterhuisstraat 28 1087ht amsterdam,2026-01-14,2026-02-05,verleend,22
welnastraat 519 1096gj amsterdam,2026-01-14,2026-02-18,verleend,35
laurierstraat 66-2 1016pn amsterdam,2026-01-15,2026-01-15,verleend,0
eerste amstelvlietpad 21 1096gb amsterdam,2026-01-15,2026-01-29,verleend,14
eerste amstelvlietpad 40 1096gb amsterdam,2026-01-15,2026-02-03,verleend,19
oudezijds voorburgwal 302a 1012gl amsterdam,2026-01-15,2026-01-15,verleend,0
oudezijds voorburgwal 310b 1012gl amsterdam,2026-01-15,2026-01-15,verleend,0
veembroederhof 172 1019hc amsterdam,2026-01-15,2026-02-18,verleend,34
venetiëhof 40 1019na amsterdam,2026-01-16,2026-01-27,verleend,11
heintje hoekssteeg 29 1012gr amsterdam,2026-01-16,2026-01-16,verleend,0
isaac titsinghkade 2a-3 1018ca amsterdam,2026-01-16,2026-01-19,verleend,3
bella vistastraat 256 1096gm amsterdam,2026-01-19,2026-03-09,verleend,49
looiersgracht 95 1016wc amsterdam,2026-01-19,2026-01-19,verleend,0
keizersgracht 335-3 1016eg amsterdam,2026-01-19,2026-01-29,verleend,10
oranje-vrijstaatkade 27 1093ks amsterdam,2026-01-19,2026-01-27,verleend,8
meerluchtlaan 18 1096da amsterdam,2026-01-19,2026-02-05,verleend,17
rapenburg 41-2 1011tv amsterdam,2026-01-19,2026-01-19,verleend,0
keizersgracht 77c 1015ce amsterdam,2026-01-19,2026-01-19,verleend,0
oudeschans 72f 1011le amsterdam,2026-01-19,2026-01-19,verleend,0
haringbuisdijk 493 1086va amsterdam,2026-01-20,2026-03-10,verleend,49
veemkade 272 1019hd amsterdam,2026-01-20,2026-02-06,verleend,17
blasiusstraat 113-1 1091cp amsterdam,2026-01-21,2026-02-12,verleend,22
bloemgracht 146a 1015ts amsterdam,2026-01-21,2026-01-22,verleend,1
rozenstraat 76b 1016nx amsterdam,2026-01-22,2026-01-22,verleend,0
jozef israëlskade 36d 1072rx amsterdam,2026-01-23,2026-02-17,besluit_overig,25
gerrit van der veenstraat 86-3 1077el amsterdam,2026-01-23,2026-02-23,besluit_overig,31
de lairessestraat 17a 1071nr amsterdam,2026-01-23,2026-04-17,verleend,84
beethovenstraat 38-3 1077jj amsterdam,2026-01-23,2026-02-26,besluit_overig,34
valeriusstraat 127-2 1075es amsterdam,2026-01-23,2026-02-10,besluit_overig,18
cornelis schuytstraat 7-1 1071jc amsterdam,2026-01-23,2026-02-17,verleend,25
van eeghenstraat 165-1 1071gc amsterdam,2026-01-23,2026-02-10,besluit_overig,18
dora tamanaplein 59 1074jl amsterdam,2026-01-23,2026-02-17,besluit_overig,25
kastelenstraat 99-1 1082ea amsterdam,2026-01-23,2026-03-05,besluit_overig,41
prinseneiland 469 1013lp amsterdam,2026-01-23,2026-01-26,verleend,3
c. van eesterenlaan 416 1019ke amsterdam,2026-01-23,2026-03-10,verleend,46
apollolaan 193f 1077aw amsterdam,2026-01-23,2026-02-23,besluit_overig,31
frans van mierisstraat 30-2 1071rt amsterdam,2026-01-23,2026-02-24,besluit_overig,32
frans van mierisstraat 131-2 1071rr amsterdam,2026-01-23,2026-02-17,besluit_overig,25
stadionkade 14-3 1077vj amsterdam,2026-01-23,2026-02-24,besluit_overig,32
blasiusstraat 70a 1091cw amsterdam,2026-01-23,2026-01-27,verleend,4
westlandgracht 223-2 1059tp amsterdam,2026-01-23,2026-03-05,besluit_overig,41
joh.m. coenenstraat 56 1071wh amsterdam,2026-01-23,2026-02-10,besluit_overig,18
henrick de keijserplein 10-1 1073sx amsterdam,2026-01-23,2026-02-17,besluit_overig,25
rondeel 54 1083me amsterdam,2026-01-23,2026-02-26,besluit_overig,34
amsteldijk 37c 1074hv amsterdam,2026-01-23,2026-02-23,besluit_overig,31
keizersgracht 18f 1015cp amsterdam,2026-01-23,2026-01-23,verleend,0
nieuwe keizersgracht 22c 1018ds amsterdam,2026-01-26,2026-01-26,verleend,0
johan jongkindstraat 154 1062dk amsterdam,2026-01-26,2026-02-20,verleend,25
keizersgracht 389g 1016ej amsterdam,2026-01-26,2026-01-29,verleend,3
omval 48 1096hv amsterdam,2026-01-27,2026-02-12,verleend,16
herengracht 187d 1016be amsterdam,2026-01-28,2026-01-28,verleend,0
bogortuin 77 1019pe amsterdam,2026-01-28,2026-02-19,verleend,22
bertrand russellstraat 90 1097hl amsterdam,2026-01-28,2026-03-10,verleend,41
geschutswerf 13 1018aw amsterdam,2026-01-28,2026-01-28,verleend,0
bella vistastraat 210 1096gm amsterdam,2026-01-28,2026-03-10,verleend,41
nieuwezijds kolk 7a 1012pv amsterdam,2026-01-28,2026-01-28,verleend,0
de boelelaan 389 1082rh amsterdam,2026-01-29,2026-03-19,verleend,49
bloemgracht 128-3 1015tp amsterdam,2026-01-29,2026-01-29,verleend,0
johannes verhulststraat 187-2 1075gz amsterdam,2026-01-29,2026-03-12,besluit_overig,42
courbetstraat 12-2 1077zt amsterdam,2026-01-29,2026-03-19,verleend,49
soesterberghof 26 1107gn amsterdam,2026-01-29,2026-02-18,verleend,20
dina appeldoornstraat 3-1 1076aw amsterdam,2026-01-29,2026-03-24,besluit_overig,54
pieter cornelisz. hooftstraat 88-2 1071cb amsterdam,2026-01-29,2026-02-06,verleend,8
banstraat 38 1071ka amsterdam,2026-01-29,2026-04-02,verleend,63
pieter cornelisz. hooftstraat 175b 1071bw amsterdam,2026-01-29,2026-03-19,verleend,49
reguliersgracht 4 1017lr amsterdam,2026-01-29,2026-01-29,verleend,0
eerste jan van der heijdenstraat 20-3 1072tt amsterdam,2026-01-29,2026-02-24,besluit_overig,26
kerkstraat 81-1 1017gc amsterdam,2026-01-29,2026-01-29,verleend,0
lijnbaansgracht 210k 1016xa amsterdam,2026-01-29,2026-01-29,verleend,0
frans halsstraat 86-h 1072bw amsterdam,2026-01-29,2026-03-16,verleend,46
daniël stalpertstraat 41f 1072xa amsterdam,2026-01-29,2026-03-16,verleend,46
van breestraat 99-1 1071zj amsterdam,2026-01-29,2026-03-19,verleend,49
minervalaan 89-2 1077nt amsterdam,2026-01-29,2026-03-09,verleend,39
sarphatipark 5-2 1073cn amsterdam,2026-01-29,2026-03-16,verleend,46
kerkstraat 81-h 1017gc amsterdam,2026-01-29,2026-01-29,verleend,0
hoogte kadijk 125-3 1018bh amsterdam,2026-01-29,2026-01-29,verleend,0
valeriusstraat 46-2 1071mk amsterdam,2026-01-29,2026-03-09,besluit_overig,39
marnixstraat 233-3r 1015we amsterdam,2026-01-29,2026-01-29,verleend,0
saxen-weimarlaan 28-4 1075cc amsterdam,2026-01-29,2026-03-12,besluit_overig,42
johannes vermeerstraat 50-3 1071dt amsterdam,2026-01-29,2026-03-05,verleend,35
pieter pauwstraat 8-2 1017zj amsterdam,2026-01-29,2026-01-29,verleend,0
waalstraat 54-1 1078bx amsterdam,2026-01-29,2026-03-19,verleend,49
herengracht 46g 1015bn amsterdam,2026-01-30,2026-01-30,verleend,0
raamgracht 17c 1011kj amsterdam,2026-01-30,2026-01-30,verleend,0
utrechtsedwarsstraat 172 1017wk amsterdam,2026-01-30,2026-01-30,verleend,0
rozengracht 2c 1016nb amsterdam,2026-01-30,2026-01-30,verleend,0
raamgracht 17b 1011kj amsterdam,2026-01-30,2026-01-30,verleend,0
hortusplantsoen 14-h 1018tz amsterdam,2026-01-30,2026-01-30,verleend,0
nieuwmarkt 38b 1012cs amsterdam,2026-01-30,2026-01-30,verleend,0
brouwersgracht 118c 1013ha amsterdam,2026-01-30,2026-01-30,verleend,0
weteringschans 223-1 1017xh amsterdam,2026-01-30,2026-01-30,verleend,0
kerkstraat 81-3 1017gc amsterdam,2026-01-30,2026-01-30,verleend,0
westerstraat 264-3 1015mt amsterdam,2026-01-30,2026-01-30,verleend,0
groenburgwal 61-1 1011ht amsterdam,2026-01-30,2026-01-30,verleend,0
funenpark 494 1018ak amsterdam,2026-02-02,2026-02-02,verleend,0
oudezijds voorburgwal 217g 1012ex amsterdam,2026-02-02,2026-02-02,verleend,0
cruquiusweg 101m 1019ag amsterdam,2026-02-02,2026-02-23,verleend,21
prinsengracht 284f 1016hj amsterdam,2026-02-02,2026-02-02,verleend,0
willem frederik hermansstraat 27 1011dg amsterdam,2026-02-02,2026-02-02,verleend,0
palmgracht 10f 1015hm amsterdam,2026-02-02,2026-02-02,verleend,0
brouwersgracht 208c 1013hd amsterdam,2026-02-02,2026-02-02,verleend,0
prinsengracht 359e 1016hk amsterdam,2026-02-02,2026-02-02,verleend,0
hazenstraat 56d 1016sr amsterdam,2026-02-04,2026-02-04,verleend,0
prinsengracht 759 1017jz amsterdam,2026-02-04,2026-02-04,verleend,0
nieuwe uilenburgerstraat 19b 1011lm amsterdam,2026-02-04,2026-02-04,verleend,0
recht boomssloot 14b 1011ea amsterdam,2026-02-04,2026-02-04,verleend,0
keizersgracht 674b 1017et amsterdam,2026-02-04,2026-02-04,verleend,0
eerste amstelvlietpad 60 1096gb amsterdam,2026-02-05,2026-02-18,verleend,13
van ostadestraat 199-2 1073tm amsterdam,2026-02-05,2026-02-05,verleend,0
oostelijke handelskade 1127 1019dn amsterdam,2026-02-05,2026-03-10,verleend,33
bella vistastraat 200 1096gm amsterdam,2026-02-05,2026-03-10,verleend,33
nieuwe teertuinen 13d 1013lv amsterdam,2026-02-05,2026-03-16,verleend,39
nieuwezijds voorburgwal 308b 1012rv amsterdam,2026-02-05,2026-02-05,verleend,0
omval 147 1096aa amsterdam,2026-02-05,2026-03-10,verleend,33
gustav mahlerlaan 363 1082mk amsterdam,2026-02-05,2026-02-05,verleend,0
papaverhof 16c 1032lx amsterdam,2026-02-06,2026-02-18,verleend,12
anjeliersstraat 69a 1015nd amsterdam,2026-02-06,2026-02-06,verleend,0
keizersgracht 133a 1015cj amsterdam,2026-02-06,2026-02-06,verleend,0
egelantiersgracht 324 1015rr amsterdam,2026-02-06,2026-02-06,verleend,0
sarphatipark 127-3 1073cx amsterdam,2026-02-06,2026-03-20,verleend,42
singel 54g 1015ab amsterdam,2026-02-06,2026-02-06,verleend,0
binnenkant 20b 1011bh amsterdam,2026-02-06,2026-02-06,verleend,0
ridderspoorweg 166 1032ll amsterdam,2026-02-06,2026-02-18,verleend,12
nieuwe achtergracht 4g 1018xx amsterdam,2026-02-06,2026-02-06,verleend,0
hekelveld 3-1 1012sn amsterdam,2026-02-06,2026-02-06,verleend,0
vijfde vogelstraat 11 1022xd amsterdam,2026-02-06,2026-03-04,verleend,26
sausalitolaan 116 1031ke amsterdam,2026-02-06,2026-02-20,verleend,14
knsm-laan 587 1019ld amsterdam,2026-02-06,2026-03-16,verleend,38
utrechtsedwarsstraat 152-h 1017wk amsterdam,2026-02-06,2026-02-06,verleend,0
ruysdaelstraat 108d 1071xh amsterdam,2026-02-06,2026-02-06,verleend,0
keizersgracht 682a 1017et amsterdam,2026-02-06,2026-02-06,verleend,0
raamgracht 4f 1011kk amsterdam,2026-02-06,2026-02-06,verleend,0
brouwersgracht 41d 1015gb amsterdam,2026-02-06,2026-02-06,verleend,0
oude braak 25l 1012ps amsterdam,2026-02-06,2026-02-06,verleend,0
leidsegracht 86b 1016cr amsterdam,2026-02-06,2026-02-06,verleend,0
geschutswerf 23 1018aw amsterdam,2026-02-06,2026-02-06,verleend,0
leidsegracht 2 1016ck amsterdam,2026-02-06,2026-02-06,verleend,0
prinsengracht 1033f 1017kp amsterdam,2026-02-09,2026-02-09,verleend,0
keizersgracht 172 1015cz amsterdam,2026-02-09,2026-02-16,verleend,7
utrechtsedwarsstraat 48r 1017wg amsterdam,2026-02-09,2026-02-09,verleend,0
haarlemmer houttuinen 31e 1013gl amsterdam,2026-02-09,2026-02-16,verleend,7
van breestraat 117c 1071zk amsterdam,2026-02-10,2026-02-12,verleend,2
commelinstraat 4-2 1093tr amsterdam,2026-02-10,2026-03-02,verleend,20
van eeghenstraat 23-h 1071et amsterdam,2026-02-10,2026-02-12,verleend,2
leiduinstraat 44-h 1058sl amsterdam,2026-02-10,2026-02-11,verleend,1
slaakstraat 8-1 1078bd amsterdam,2026-02-10,2026-03-19,verleend,37
zuidelijke wandelweg 165 1079rk amsterdam,2026-02-10,2026-02-11,verleend,1
schokkerspad 41 1081ks amsterdam,2026-02-10,2026-02-11,verleend,1
bankwerkerij 1 1021ns amsterdam,2026-02-11,2026-03-04,verleend,21
's-gravesandestraat 64 1091de amsterdam,2026-02-11,2026-03-16,verleend,33
mr. p.n. arntzeniusweg 1-2 1098gj amsterdam,2026-02-11,2026-03-09,verleend,26
herengracht 310d 1016cd amsterdam,2026-02-11,2026-02-16,geweigerd,5
churchill-laan 137-1 1078dr amsterdam,2026-02-11,2026-03-26,verleend,43
kerkstraat 112 1017gp amsterdam,2026-02-12,2026-02-12,verleend,0
omval 13 1096aa amsterdam,2026-02-12,2026-03-12,verleend,28
eerste laurierdwarsstraat 24-h 1016pz amsterdam,2026-02-12,2026-02-12,verleend,0
passeerdersgracht 34-1 1016xh amsterdam,2026-02-12,2026-02-12,verleend,0
brouwersgracht 70-3 1013gx amsterdam,2026-02-12,2026-02-12,verleend,0
prinsengracht 349k 1016hk amsterdam,2026-02-13,2026-02-13,verleend,0
entrepotdok 138 1018ad amsterdam,2026-02-13,2026-02-13,verleend,0
sarphatistraat 702 1018av amsterdam,2026-02-13,2026-02-13,verleend,0
veemkade 298 1019hd amsterdam,2026-02-13,2026-04-02,verleend,48
nieuwe kerkstraat 38-h 1018ec amsterdam,2026-02-13,2026-02-13,verleend,0
bloemgracht 62 1015tl amsterdam,2026-02-13,2026-02-13,verleend,0
oostelijke handelskade 1101 1019dn amsterdam,2026-02-16,2026-03-25,verleend,37
omval 275 1096hr amsterdam,2026-02-16,2026-03-16,besluit_overig,28
wijttenbachstraat 56-1 1093je amsterdam,2026-02-17,2026-03-13,verleend,24
hagedoornplein 20 1031bv amsterdam,2026-02-17,2026-03-06,verleend,17
wamelstraat 80 1106dm amsterdam,2026-02-17,2026-02-18,verleend,1
plantage westermanlaan 7a 1018dk amsterdam,2026-02-19,2026-02-19,verleend,0
oosterpark 60d 1092ar amsterdam,2026-02-19,2026-03-16,verleend,25
kerkstraat 322g 1017hc amsterdam,2026-02-19,2026-02-19,verleend,0
runstraat 11-1 1016gj amsterdam,2026-02-19,2026-02-19,verleend,0
van hogendorpstraat 143-h 1051bm amsterdam,2026-02-26,2026-02-26,verleend,0
jan hanzenstraat 127 1053sp amsterdam,2026-02-26,2026-02-27,verleend,1
borgerstraat 202-3 1053rd amsterdam,2026-02-26,2026-02-26,verleend,0
bilderdijkkade 50d-3 1053vn amsterdam,2026-02-26,2026-02-27,verleend,1
nassaukade 59-h 1052cp amsterdam,2026-02-26,2026-02-27,verleend,1
haarlemmerweg 426 1014bl amsterdam,2026-02-26,2026-02-27,verleend,1
nassaukade 115-1 1052ea amsterdam,2026-02-26,2026-02-27,verleend,1
kanaalstraat 50-h 1054xk amsterdam,2026-02-26,2026-02-27,verleend,1
palmstraat 3-h 1015hp amsterdam,2026-02-27,2026-03-02,verleend,3
roemer visscherstraat 14-4 1054ex amsterdam,2026-02-27,2026-03-05,verleend,6
korte geuzenstraat 308 1056kv amsterdam,2026-02-27,2026-03-05,verleend,6
faradaystraat 7-1 1098nm amsterdam,2026-03-02,2026-03-16,verleend,14
egelantiersgracht 85-2 1015re amsterdam,2026-03-02,2026-03-02,verleend,0
groen van prinstererstraat 41e 1051eh amsterdam,2026-03-03,2026-03-05,verleend,2
ter haarstraat 29b 1053lh amsterdam,2026-03-03,2026-03-05,verleend,2
van hallstraat 701a 1051je amsterdam,2026-03-03,2026-03-05,verleend,2
bestevâerstraat 183-4 1055tl amsterdam,2026-03-03,2026-03-05,verleend,2
dirk van hasseltssteeg 30d 1012ne amsterdam,2026-03-04,2026-03-04,verleend,0
bloemgracht 193b 1016kp amsterdam,2026-03-04,2026-03-04,verleend,0
bonaireplein 6a-2 1058xb amsterdam,2026-03-04,2026-03-05,verleend,1
j.j. cremerplein 24-2 1054tl amsterdam,2026-03-04,2026-03-05,verleend,1
maassluisstraat 41 1062ga amsterdam,2026-03-04,2026-04-01,verleend,28
rhijnvis feithstraat 12-1 1054tx amsterdam,2026-03-05,2026-03-09,verleend,4
westerdok 57 1013az amsterdam,2026-03-05,2026-03-19,verleend,14
postjeskade 163-1 1058dr amsterdam,2026-03-05,2026-03-09,verleend,4
spaarndammerstraat 66-1 1013sz amsterdam,2026-03-05,2026-03-11,verleend,6
plantage muidergracht 57a 1018tm amsterdam,2026-03-05,2026-03-05,verleend,0
zocherstraat 23v 1054lr amsterdam,2026-03-05,2026-03-11,verleend,6
céramiquelaan 15 1031kg amsterdam,2026-03-06,2026-04-03,verleend,28
pieter langendijkstraat 28-2 1054zb amsterdam,2026-03-10,2026-03-12,verleend,2
da costastraat 73-3 1053zg amsterdam,2026-03-10,2026-03-12,verleend,2
madurastraat 8b 1094gl amsterdam,2026-03-11,2026-03-27,verleend,16
zoutkeetsgracht 284 1013lc amsterdam,2026-03-11,2026-03-11,verleend,0
admiraal de ruijterweg 91-1 1056et amsterdam,2026-03-12,2026-03-12,verleend,0
silodam 458 1013aw amsterdam,2026-03-12,2026-03-12,verleend,0
lindengracht 128-3a 1015kk amsterdam,2026-03-12,2026-04-09,verleend,28
admiraal de ruijterweg 455-1 1055mg amsterdam,2026-03-13,2026-03-13,verleend,0
keizersgracht 151c 1015cl amsterdam,2026-03-13,2026-03-18,verleend,5
kanaalstraat 98g 1054xl amsterdam,2026-03-13,2026-03-13,verleend,0
prinsengracht 9 1015dk amsterdam,2026-03-13,2026-03-13,verleend,0
stadhouderskade 17k 1054es amsterdam,2026-03-13,2026-03-13,verleend,0
bloemstraat 26-1 1016lb amsterdam,2026-03-13,2026-03-13,verleend,0
gerrit van der veenstraat 127b 1077dw amsterdam,2026-03-16,2026-03-31,verleend,15
admiralengracht 279-1 1056ea amsterdam,2026-03-16,2026-03-16,verleend,0
eerste van der helststraat 1a-21 1073aa amsterdam,2026-03-16,2026-03-26,verleend,10
wilhelminastraat 178a 1054wt amsterdam,2026-03-16,2026-03-16,verleend,0
van eeghenstraat 186 1071gm amsterdam,2026-03-16,2026-04-30,verleend,45
van eeghenstraat 110c 1071gm amsterdam,2026-03-16,2026-03-27,verleend,11
theseusstraat 7-1 1076xk amsterdam,2026-03-16,2026-04-09,verleend,24
pieter baststraat 28-2 1071tx amsterdam,2026-03-16,2026-04-14,verleend,29
frans van mierisstraat 72-3 1071rx amsterdam,2026-03-16,2026-04-23,verleend,38
rhijnvis feithstraat 24c 1054tx amsterdam,2026-03-16,2026-03-16,verleend,0
pieter de hoochstraat 11e-1 1071ed amsterdam,2026-03-16,2026-04-02,verleend,17
frans van mierisstraat 90b 1071rz amsterdam,2026-03-16,2026-04-10,verleend,25
bep van klaverenboulevard 72 1034wx amsterdam,2026-03-18,2026-04-17,verleend,30
nieuwendammerdijk 35 1025lc amsterdam,2026-03-18,2026-04-10,verleend,23
bestevâerstraat 10-4 1056hm amsterdam,2026-03-19,2026-03-19,verleend,0
stettineiland 97 1014ze amsterdam,2026-03-19,2026-03-19,verleend,0
rapenburgerstraat 101f 1011vl amsterdam,2026-03-19,2026-03-19,verleend,0
gabriël metsustraat 26-2 1071ec amsterdam,2026-03-20,2026-04-02,verleend,13
spuistraat 205b 1012vn amsterdam,2026-03-20,2026-03-20,verleend,0
gillis van ledenberchstraat 95-3 1052vc amsterdam,2026-03-20,2026-03-20,verleend,0
bilderdijkkade 50c-8 1053vn amsterdam,2026-03-20,2026-03-20,verleend,0
cornelis dopperkade 2-1 1077kk amsterdam,2026-03-20,2026-04-09,verleend,20
plantage muidergracht 63-3 1018tm amsterdam,2026-03-20,2026-03-23,verleend,3
wittenburgergracht 57 1018mx amsterdam,2026-03-20,2026-03-23,verleend,3
jacob van lennepstraat 67-2v 1053he amsterdam,2026-03-20,2026-03-20,verleend,0
tweede weteringdwarsstraat 42-2 1017sx amsterdam,2026-03-20,2026-03-20,verleend,0
tweede weteringdwarsstraat 75-1 1017sv amsterdam,2026-03-25,2026-04-03,verleend,9
spuistraat 205b 1012vn amsterdam,2026-03-25,2026-03-25,verleend,0
jacob van lennepstraat 65-2 1053he amsterdam,2026-03-25,2026-03-25,verleend,0
lijnbaansgracht 247 1017rk amsterdam,2026-03-26,2026-03-26,verleend,0
kerkstraat 303k 1017gz amsterdam,2026-03-27,2026-03-27,verleend,0
oudezijds voorburgwal 330b 1012gm amsterdam,2026-03-27,2026-03-27,verleend,0
houthavenkade 7 1014zb amsterdam,2026-03-27,2026-03-27,verleend,0
keizersgracht 337-2 1016eg amsterdam,2026-03-30,2026-03-30,verleend,0
lauriergracht 47e 1016rg amsterdam,2026-04-01,2026-04-01,verleend,0
pieter oosterhuisstraat 34 1087ht amsterdam,2026-04-01,2026-04-02,verleend,1
jacob van lennepstraat 120c 1053jr amsterdam,2026-04-01,2026-04-01,verleend,0
vogelenzangstraat 24-1 1058st amsterdam,2026-04-02,2026-04-17,verleend,15
achillesstraat 100-3 1076rh amsterdam,2026-04-02,2026-04-02,verleend,0
daniël stalpertstraat 101-4 1072xd amsterdam,2026-04-02,2026-04-21,verleend,19
koninginneweg 183-2 1075cp amsterdam,2026-04-02,2026-04-16,verleend,14
ruysdaelstraat 73c 1071xb amsterdam,2026-04-02,2026-04-14,verleend,12
eerste jan van der heijdenstraat 101-h 1072tm amsterdam,2026-04-02,2026-04-23,verleend,21
avercampstraat 29 1072ra amsterdam,2026-04-03,2026-04-03,verleend,0
waldeck pyrmontlaan 4-2 1075bv amsterdam,2026-04-03,2026-04-07,verleend,4
kastelenstraat 37-3 1083cb amsterdam,2026-04-03,2026-04-03,verleend,0
president kennedylaan 82-2 1079ng amsterdam,2026-04-03,2026-04-03,verleend,0
dusartstraat 62-3 1072hv amsterdam,2026-04-03,2026-04-23,verleend,20
gulden winckelplantsoen 12-h 1055el amsterdam,2026-04-07,2026-04-07,verleend,0
catharina van rennesstraat 7-1 1077kw amsterdam,2026-04-07,2026-05-04,geweigerd,27
harry koningsbergerstraat 306 1063am amsterdam,2026-04-07,2026-04-08,verleend,1
keizersgracht 643c 1017dt amsterdam,2026-04-07,2026-04-07,verleend,0
amstelveenseweg 617c 1081jd amsterdam,2026-04-08,2026-05-18,geweigerd,40
oranje nassaulaan 54-h 1075ar amsterdam,2026-04-08,2026-04-21,verleend,13
boterdiepstraat 70-1 1079ta amsterdam,2026-04-08,2026-04-24,verleend,16
zwanenburgwal 300 1011jh amsterdam,2026-04-10,2026-04-10,verleend,0
anjeliersstraat 41 1015nd amsterdam,2026-04-10,2026-04-10,verleend,0
brouwersgracht 123-3 1015ge amsterdam,2026-04-10,2026-04-10,verleend,0
bloemgracht 71e 1016kg amsterdam,2026-04-10,2026-04-10,verleend,0
brouwersgracht 190k 1013hc amsterdam,2026-04-13,2026-04-16,verleend,3
knsm-laan 459 1019lg amsterdam,2026-04-15,2026-05-05,verleend,20
rosy wertheimstraat 37 1082mz amsterdam,2026-04-16,2026-04-30,verleend,14
klaroenstraat 38 1104hw amsterdam,2026-04-16,2026-05-01,verleend,15
knollendamstraat 6c 1013tn amsterdam,2026-04-17,2026-04-17,verleend,0
tuinstraat 179-1 1015pc amsterdam,2026-04-20,2026-04-20,verleend,0
keizersgracht 812c 1017ed amsterdam,2026-04-22,2026-04-22,verleend,0
veembroederhof 192 1019hc amsterdam,2026-04-22,2026-05-01,verleend,9
nieuwe achtergracht 26 1018xz amsterdam,2026-04-23,2026-04-23,verleend,0
jacob van lennepstraat 65-1 1053he amsterdam,2026-04-23,2026-04-23,verleend,0
singel 447d 1012wp amsterdam,2026-04-23,2026-04-23,verleend,0
eerste tuindwarsstraat 7a 1015rt amsterdam,2026-04-28,2026-04-28,verleend,0
vierwindenstraat 80 1013la amsterdam,2026-04-28,2026-04-28,verleend,0
prinsengracht 1083f 1017jh amsterdam,2026-04-28,2026-04-28,verleend,0
van breestraat 183d 1071zn amsterdam,2026-04-30,2026-05-11,verleend,11
keizersgracht 257c 1016ec amsterdam,2026-04-30,2026-04-30,verleend,0
weesperzijde 1068 1091el amsterdam,2026-04-30,2026-06-03,verleend,34
westerdoksdijk 331 1013ad amsterdam,2026-04-30,2026-04-30,verleend,0
bloemstraat 31a 1016kv amsterdam,2026-05-04,2026-06-10,verleend,37
amstelkade 169a-1 1078az amsterdam,2026-05-05,2026-05-12,verleend,7
pieter cornelisz. hooftstraat 196 1071ch amsterdam,2026-05-05,2026-05-05,verleend,0
vijzelgracht 27d 1017hn amsterdam,2026-05-06,2026-05-06,verleend,0
kerkstraat 322b 1017hc amsterdam,2026-05-11,2026-05-11,verleend,0
prinsengracht 301e 1016gx amsterdam,2026-05-11,2026-05-11,verleend,0
veembroederhof 168 1019hc amsterdam,2026-05-11,2026-06-04,verleend,24
beulingstraat 6e 1017ba amsterdam,2026-05-11,2026-05-11,verleend,0
cruquiuskade 185 1018am amsterdam,2026-05-11,2026-05-11,verleend,0
blauwvoetstraat 11 1061bm amsterdam,2026-05-11,2026-05-11,verleend,0
bankastraat 49-h 1094ec amsterdam,2026-05-11,2026-06-24,verleend,44
herengracht 191a 1016be amsterdam,2026-05-11,2026-05-13,verleend,2
oude braak 25g 1012ps amsterdam,2026-05-11,2026-05-11,verleend,0
hemonystraat 25-1 1074bm amsterdam,2026-05-12,2026-05-19,verleend,7
nicolaas maesstraat 55-2 1071pp amsterdam,2026-05-12,2026-05-15,verleend,3
tweede jan steenstraat 76-2 1074cr amsterdam,2026-05-12,2026-05-15,verleend,3
poeldijkstraat 331 1059vl amsterdam,2026-05-12,2026-05-19,verleend,7
eerste jan steenstraat 96-1 1072np amsterdam,2026-05-12,2026-06-04,verleend,23
van ostadestraat 52-2 1072ta amsterdam,2026-05-12,2026-05-15,verleend,3
eerste jacob van campenstraat 46-1 1072bg amsterdam,2026-05-12,2026-05-15,verleend,3
insulindeweg 936 1095dx amsterdam,2026-05-12,2026-05-18,verleend,6
amstel 296f 1017an amsterdam,2026-05-13,2026-05-13,verleend,0
oostelijke handelskade 1171 1019dn amsterdam,2026-05-13,2026-06-24,verleend,42
elandsgracht 66-3 1016tx amsterdam,2026-05-13,2026-05-13,verleend,0
ruyschstraat 17-1 1091br amsterdam,2026-05-13,2026-06-04,verleend,22
oudezijds voorburgwal 235-2b 1012ez amsterdam,2026-05-13,2026-05-13,verleend,0
keizersgracht 77b 1015ce amsterdam,2026-05-15,2026-05-15,verleend,0
prinsengracht 783b 1017jz amsterdam,2026-05-15,2026-05-15,verleend,0
frans halsstraat 57c 1072bm amsterdam,2026-05-15,2026-06-05,verleend,21
donarstraat 5-1 1076ca amsterdam,2026-05-15,2026-06-08,verleend,24
dintelstraat 72 1078vv amsterdam,2026-05-15,2026-06-08,verleend,24
van noordtstraat 9w 1013sm amsterdam,2026-05-15,2026-05-15,verleend,0
lomanstraat 112c 1075rh amsterdam,2026-05-15,2026-06-10,verleend,26
bilderdijkkade 58c 1053vn amsterdam,2026-05-15,2026-05-15,verleend,0
jacob van lennepstraat 54-1a 1053hl amsterdam,2026-05-15,2026-05-15,verleend,0
valkenburgerstraat 198n 1011nc amsterdam,2026-05-15,2026-05-15,verleend,0
gerard brandtstraat 24b 1054jk amsterdam,2026-05-15,2026-05-15,verleend,0
karel du jardinstraat 51n 1073tb amsterdam,2026-05-15,2026-06-05,verleend,21
oudezijds voorburgwal 107d 1012em amsterdam,2026-05-18,2026-05-18,verleend,0
beukenplein 17-1 1092ba amsterdam,2026-05-18,2026-06-04,verleend,17
prinsengracht 193b 1015ds amsterdam,2026-05-18,2026-05-18,verleend,0
valkenburgerstraat 42e 1011lz amsterdam,2026-05-18,2026-05-18,verleend,0
prinsengracht 653-2 1016hv amsterdam,2026-05-18,2026-05-18,verleend,0
uiterwaardenstraat 284-2 1079da amsterdam,2026-05-19,2026-06-10,verleend,22
veerstraat 36-2 1075sw amsterdam,2026-05-19,2026-06-10,verleend,22
jozef israëlskade 15a 1072rt amsterdam,2026-05-19,2026-06-10,verleend,22
emmalaan 8-3 1075av amsterdam,2026-05-19,2026-06-10,verleend,22
warmoesstraat 10-1 1012jd amsterdam,2026-05-20,2026-05-20,verleend,0
kamerlingh onneslaan 66 1097dh amsterdam,2026-05-20,2026-06-17,verleend,28
silodam 313 1013aw amsterdam,2026-05-21,2026-05-21,verleend,0
korte geuzenstraat 312 1056kv amsterdam,2026-05-21,2026-05-21,verleend,0
h. stolleplantsoen 34c 1022kk amsterdam,2026-05-21,2026-05-28,verleend,7
utrechtsedwarsstraat 68d 1017wh amsterdam,2026-05-21,2026-05-21,verleend,0
haarlemmerweg 396 1014bl amsterdam,2026-05-21,2026-05-21,verleend,0
haarlemmerweg 199a-2 1051ld amsterdam,2026-05-21,2026-05-21,verleend,0
prinsengracht 303a 1016gx amsterdam,2026-05-22,2026-05-22,verleend,0
geuzenstraat 51-2 1056kb amsterdam,2026-05-22,2026-05-22,verleend,0
nieuwe kerkstraat 118b 1018vm amsterdam,2026-05-22,2026-05-22,verleend,0
nieuwe achtergracht 8-2 1018xx amsterdam,2026-05-22,2026-05-22,verleend,0
vondelstraat 69e 1054gk amsterdam,2026-05-22,2026-05-22,verleend,0
oudezijds achterburgwal 10c 1012dm amsterdam,2026-05-22,2026-05-22,verleend,0
maarten harpertszoon trompstraat 34-1 1056jb amsterdam,2026-05-22,2026-05-22,verleend,0
singel 58c 1015ab amsterdam,2026-05-22,2026-05-22,verleend,0
eerste helmersstraat 237-4 1054dx amsterdam,2026-05-22,2026-05-22,verleend,0
kromme waal 25b 1011bt amsterdam,2026-05-26,2026-05-26,verleend,0
keizersgracht 48a 1015cr amsterdam,2026-05-26,2026-05-26,verleend,0
haparandadam 2b-10 1013ak amsterdam,2026-05-26,2026-05-26,verleend,0
keizersgracht 347b 1016eh amsterdam,2026-05-26,2026-05-26,verleend,0
korte prinsengracht 38-2 1013gt amsterdam,2026-05-26,2026-05-26,verleend,0
jacob van lennepstraat 65-3 1053he amsterdam,2026-05-26,2026-05-26,verleend,0
prinsengracht 656a 1017kw amsterdam,2026-05-26,2026-05-26,verleend,0
kerkstraat 76 1017gn amsterdam,2026-05-26,2026-05-26,verleend,0
houtkopersburgwal 21 1011ll amsterdam,2026-05-26,2026-05-26,verleend,0
westerkade 11l 1015xd amsterdam,2026-05-26,2026-05-26,verleend,0
nieuwe achtergracht 12-2 1018xx amsterdam,2026-05-26,2026-05-26,verleend,0
looiersgracht 67 1016wc amsterdam,2026-05-26,2026-05-26,verleend,0
dam 5g 1012js amsterdam,2026-05-28,2026-05-28,verleend,0
haparandaweg 866 1013bd amsterdam,2026-05-28,2026-05-28,verleend,0
herengracht 354 1016cg amsterdam,2026-05-28,2026-05-28,verleend,0
van bossestraat 36-1 1051ka amsterdam,2026-05-28,2026-05-28,verleend,0
sprinklerstraat 75 1019vr amsterdam,2026-05-28,2026-06-04,verleend,7
brouwersgracht 230d 1013he amsterdam,2026-05-28,2026-05-28,verleend,0
nieuwe kerkstraat 36-1 1018eb amsterdam,2026-05-28,2026-05-28,verleend,0
zeeburgerkade 190 1019hj amsterdam,2026-05-29,2026-06-04,verleend,6
singel 98b 1015ad amsterdam,2026-05-29,2026-05-29,verleend,0
meerluchtlaan 210 1096da amsterdam,2026-05-29,2026-06-10,verleend,12
plantage doklaan 41 1018cm amsterdam,2026-05-29,2026-05-29,verleend,0
derde leliedwarsstraat 38 1015te amsterdam,2026-05-29,2026-05-29,verleend,0
singel 324g 1016ae amsterdam,2026-06-02,2026-06-02,verleend,0
sassenheimstraat 15-1 1059ba amsterdam,2026-06-03,2026-06-11,verleend,8
prinsengracht 474b 1017kg amsterdam,2026-06-03,2026-06-09,verleend,6
rustenburgerstraat 140d 1073gj amsterdam,2026-06-03,2026-06-15,verleend,12
vossiusstraat 70 1071ak amsterdam,2026-06-03,2026-06-17,verleend,14
ridderspoorweg 196 1032ll amsterdam,2026-06-03,2026-06-03,verleend,0
george gershwinlaan 83c 1082mt amsterdam,2026-06-03,2026-06-11,verleend,8
elandsgracht 16 1016tw amsterdam,2026-06-03,2026-06-11,verleend,8
amazonenstraat 46-1 1076ll amsterdam,2026-06-03,2026-06-17,verleend,14
amstel 137a 1018en amsterdam,2026-06-03,2026-06-09,verleend,6
olympiaweg 72-2 1076xd amsterdam,2026-06-03,2026-06-15,verleend,12
willemsparkweg 71-1 1071gs amsterdam,2026-06-03,2026-06-26,verleend,23
apollolaan 191-h 1077aw amsterdam,2026-06-03,2026-06-11,verleend,8
silodam 422 1013aw amsterdam,2026-06-04,2026-06-04,verleend,0
curaçaostraat 83-1 1058br amsterdam,2026-06-04,2026-06-04,verleend,0
de klencke 99b 1083hh amsterdam,2026-06-05,2026-06-19,verleend,14
joh.m. coenenstraat 58 1071wh amsterdam,2026-06-05,2026-06-19,verleend,14
oostenburgervoorstraat 226 1018mr amsterdam,2026-06-05,2026-06-09,verleend,4
emmalaan 8-2 1075av amsterdam,2026-06-05,2026-06-22,verleend,17
weesperzijde 90-1 1091ek amsterdam,2026-06-08,2026-06-08,verleend,0
purperhoedenveem 38 1019hm amsterdam,2026-06-08,2026-06-08,verleend,0
fort heemstedestraat 7a 1384aw weesp,2026-06-10,2026-06-10,verleend,0
oosterpark 13c 1092ae amsterdam,2026-06-10,2026-06-10,verleend,0
bijlmerdreef 244 1102ab amsterdam,2026-06-10,2026-06-10,besluit_overig,0
deurloostraat 116-1 1078jk amsterdam,2026-06-10,2026-06-26,verleend,16
kinderdijkstraat 84-1 1079gp amsterdam,2026-06-11,2026-06-11,verleend,0
veembroederhof 149 1019hd amsterdam,2026-06-11,2026-06-11,verleend,0
brouwersgracht 187-1 1015gj amsterdam,2026-06-15,2026-06-15,verleend,0
wittgensteinlaan 215 1062ke amsterdam,2026-06-15,2026-06-15,verleend,0
prinsengracht 1079e 1017jh amsterdam,2026-06-17,2026-06-18,verleend,1
keizersgracht 20b 1015cp amsterdam,2026-06-17,2026-06-17,verleend,0
orteliusstraat 235b 1056nr amsterdam,2026-06-18,2026-06-18,verleend,0
spuistraat 316-3 1012vx amsterdam,2026-06-18,2026-06-18,verleend,0
